<?xml version='1.0'?>
<home version='5500' exportFlags='27' structure='HomeStructure/Home.obj' camera='topCamera' selectedLevel='level1'>
  <property name='Author' value='Véronique PUYBARET / Emmanuel PUYBARET'/>
  <property name='Copyright' value='Sweet Home 3D, Copyright (c) 2017 Emmanuel PUYBARET / eTeks info@eteks.com'/>
  <property name='License' value='CC-BY Creative Commons Attribution 3.0 Unported license or GNU General Public License'/>
  <property name='TotalArea' value='1020879'/>
  <environment groundColor='FF315700' skyColor='00CCE4FC' lightColor='00D0D0D0'/>
  <observerCamera attribute='observerCamera' lens='PINHOLE' x='478.7749' y='354.15076' z='396.28955' yaw='24.372074' pitch='0.15579738' fieldOfView='1.0995574' time='1492862400000' fixedSize='true'/>
  <camera attribute='topCamera' lens='PINHOLE' x='577.95953' y='303.66898' z='1594.8732' yaw='9.423727' pitch='1.5657964' fieldOfView='1.0995575' time='1492862400000'/>
  <observerCamera attribute='storedCamera' name='Bedroom #1' lens='PINHOLE' x='478.7749' y='354.15076' z='396.28955' yaw='24.372074' pitch='0.15579738' fieldOfView='1.0995574' time='1492862400000' fixedSize='true'/>
  <observerCamera attribute='storedCamera' name='Bedroom #2' lens='PINHOLE' x='353.6242' y='423.67896' z='396.28955' yaw='26.162064' pitch='0.22579749' fieldOfView='1.0995574' time='1492862400000' fixedSize='true'/>
  <observerCamera attribute='storedCamera' name='Bedroom #3' lens='PINHOLE' x='709.6086' y='304.09042' z='396.28955' yaw='21.756632' pitch='0.06579736' fieldOfView='1.0995574' time='1492862400000' fixedSize='true'/>
  <observerCamera attribute='storedCamera' name='2nd floor corridor' lens='PINHOLE' x='253.50363' y='326.33945' z='396.28955' yaw='22.29693' pitch='0.18579733' fieldOfView='1.0995574' time='1492862400000' fixedSize='true'/>
  <observerCamera attribute='storedCamera' name='Exterior' lens='PINHOLE' x='-136.01825' y='2101.5466' z='160.0' yaw='22.310034' pitch='-0.12500001' fieldOfView='1.0995574' time='1492862400000' fixedSize='true'/>
  <observerCamera attribute='storedCamera' name='Kitchen' lens='PINHOLE' x='88.54874' y='26.709824' z='154.80832' yaw='18.479628' pitch='0.1257973' fieldOfView='1.0995574' time='1492862400000' fixedSize='true'/>
  <observerCamera attribute='storedCamera' name='Attic' lens='PINHOLE' x='167.35632' y='550.84094' z='702.87476' yaw='16.790068' pitch='0.2268928' fieldOfView='1.0995574' time='1492862400000' fixedSize='true'/>
  <observerCamera attribute='storedCamera' name='Living room' lens='PINHOLE' x='835.7778' y='22.031189' z='154.80832' yaw='19.4446' pitch='0.13579726' fieldOfView='1.0995574' time='1492862400000' fixedSize='true'/>
  <level id='level0' name='1st floor' elevation='0.0' floorThickness='12.0' height='250.0' elevationIndex='0'/>
  <level id='level1' name='2nd floor' elevation='262.0' floorThickness='12.0' height='250.0' elevationIndex='0'/>
  <level id='level2' name='Attic' elevation='524.0' floorThickness='12.0' height='250.0' elevationIndex='0' visible='false'/>
  <level id='level3' name='Roof' elevation='524.0' floorThickness='12.0' height='250.0' elevationIndex='1' visible='false'/>
  <doorOrWindow level='level0' catalogId='eTeks#doubleWindow126x123' name='Kleines Doppelfenster' creator='eTeks' model='1/model.obj' x='206.64581' y='593.82916' elevation='90.0' angle='3.1415927' width='132.0' depth='35.360752' height='134.0' color='FF87D6DF' movable='false'/>
  <doorOrWindow level='level0' catalogId='eTeks#doorFrame' name='Türrahmen' creator='eTeks' model='3/model.obj' x='1002.0774' y='549.90106' angle='1.7484555E-7' width='288.0' depth='20.267416' height='171.0' movable='false'/>
  <pieceOfFurniture level='level0' catalogId='eTeks#staircase' name='Treppenhaus' creator='eTeks' model='5/model.obj' x='372.1259' y='227.75578' width='82.0' depth='220.0' height='362.0' modelMirrored='true' color='FF1B1E3B' movable='false'/>
  <pieceOfFurniture level='level0' catalogId='eTeks#armchair' name='Lehnsessel' creator='eTeks' model='7/model.obj' x='670.8165' y='440.12994' angle='2.4922128' width='87.0' depth='92.0' height='87.0'>
    <material name='iris' color='FFFF7607' shininess='0.0'/>
  </pieceOfFurniture>
  <pieceOfFurniture level='level0' catalogId='eTeks#armchair' name='Lehnsessel' creator='eTeks' model='7/model.obj' x='730.9933' y='221.5448' angle='1.3089969' width='87.0' depth='92.0' height='87.0'>
    <material name='iris' color='FF003565' shininess='0.0'/>
  </pieceOfFurniture>
  <doorOrWindow level='level0' catalogId='eTeks#doubleWindow126x123' name='Kleines Doppelfenster' creator='eTeks' model='1/model.obj' x='632.42035' y='0.6800011' elevation='90.0' width='132.0' depth='35.360752' height='134.0' color='FF87D6DF' movable='false'/>
  <doorOrWindow level='level0' catalogId='eTeks#doubleWindow126x123' name='Kleines Doppelfenster' creator='eTeks' model='1/model.obj' x='170.27692' y='0.6800011' elevation='90.0' width='132.0' depth='35.360752' height='134.0' color='FF87D6DF' movable='false'/>
  <pieceOfFurniture level='level0' catalogId='eTeks#cooker' name='Ofen' creator='eTeks' model='9/model.obj' x='41.000004' y='492.95026' angle='4.712389' width='60.0' depth='62.0' height='85.0'/>
  <pieceOfFurniture level='level0' catalogId='eTeks#dishwasher' name='Spülmaschine' creator='eTeks' model='11/model.obj' x='284.67892' y='552.4452' angle='3.1415927' width='60.0' depth='65.0' height='85.0'/>
  <pieceOfFurniture level='level0' catalogId='eTeks#sink' name='Spülbecken' creator='eTeks' model='13/model.obj' x='193.03519' y='553.1632' angle='3.1415927' width='120.0' depth='64.0' height='106.0' movable='false'>
    <material name='white' color='FF335411'/>
  </pieceOfFurniture>
  <pieceOfFurniture level='level0' catalogId='eTeks#squareTable' name='Tisch' creator='eTeks' model='15/model.obj' x='104.27803' y='193.14702' width='170.0' depth='36.0' height='46.0'>
    <material name='flblonde' color='FFFF7607'/>
  </pieceOfFurniture>
  <pieceOfFurniture level='level0' catalogId='eTeks#stool' name='Hocker' creator='eTeks' model='17/model.obj' x='207.67445' y='123.681854' width='40.0' depth='40.0' height='46.0'>
    <material name='amber' color='FFFF7607'/>
  </pieceOfFurniture>
  <pieceOfFurniture level='level0' catalogId='eTeks#squareTable' name='Tisch' creator='eTeks' model='15/model.obj' x='103.41077' y='51.456894' angle='3.1415927' width='170.0' depth='36.0' height='46.0'>
    <material name='flblonde' color='FFFF7607'/>
  </pieceOfFurniture>
  <pieceOfFurniture level='level0' catalogId='eTeks#kitchenCabinet' name='Küchenschrank' creator='eTeks' model='19/model.obj' x='41.000004' y='432.52646' angle='4.712389' width='60.0' depth='64.0' height='85.0' movable='false'>
    <material name='white' color='FFF89A00'/>
  </pieceOfFurniture>
  <pieceOfFurniture level='level0' catalogId='eTeks#wardrobe' name='Kleiderschrank' creator='eTeks' model='21/model.obj' x='289.03427' y='67.5' angle='1.5707964' width='115.0' depth='46.0' height='165.0' color='FF790606'/>
  <pieceOfFurniture level='level0' catalogId='eTeks#stool' name='Hocker' creator='eTeks' model='17/model.obj' x='779.6636' y='80.251976' angle='4.712389' width='40.0' depth='40.0' height='46.0'>
    <material name='amber' color='FF030303' shininess='0.0'/>
  </pieceOfFurniture>
  <pieceOfFurniture level='level0' catalogId='eTeks#plant' name='Dekoration' creator='eTeks' model='23/model.obj' x='792.9226' y='560.871' angle='3.1348813' width='58.0' depth='50.0' height='103.0'>
    <material name='amber' color='FF9E0400'/>
  </pieceOfFurniture>
  <pieceOfFurniture level='level0' catalogId='eTeks#wardrobe' name='Kleiderschrank' creator='eTeks' model='21/model.obj' x='451.26627' y='372.04944' angle='4.712389' width='70.0' depth='42.5' height='50.0'>
    <material name='white' color='FF7C0078' shininess='0.0'/>
  </pieceOfFurniture>
  <doorOrWindow level='level1' catalogId='eTeks#roundedDoor' name='Abgerundete Tür' creator='eTeks' model='25/model.obj' x='227.41257' y='61.68135' angle='1.5707964' width='91.5' depth='14.500751' height='208.5' movable='false'>
    <material name='yellowbrt' color='FF494F83'/>
  </doorOrWindow>
  <doorOrWindow level='level1' catalogId='eTeks#roundedDoor' name='Abgerundete Tür' creator='eTeks' model='25/model.obj' x='232.41249' y='291.47894' angle='4.712389' width='91.5' depth='14.500751' height='208.5' modelMirrored='true' movable='false'>
    <material name='yellowbrt' color='FF494F83'/>
  </doorOrWindow>
  <doorOrWindow level='level1' catalogId='eTeks#roundedDoor' name='Abgerundete Tür' creator='eTeks' model='25/model.obj' x='542.7218' y='62.19741' angle='1.5707964' width='91.5' depth='14.500751' height='208.5' movable='false'>
    <material name='yellowbrt' color='FF494F83'/>
  </doorOrWindow>
  <doorOrWindow level='level1' catalogId='eTeks#roundedDoor' name='Abgerundete Tür' creator='eTeks' model='25/model.obj' x='495.0313' y='283.7937' width='91.5' depth='14.500751' height='208.5' movable='false'>
    <material name='yellowbrt' color='FF494F83'/>
  </doorOrWindow>
  <doorOrWindow level='level1' catalogId='eTeks#doubleWindow126x123' name='Kleines Doppelfenster' creator='eTeks' model='1/model.obj' x='632.4' y='0.68000126' elevation='87.0' width='132.0' depth='35.360752' height='134.0' color='FF87D6DF' movable='false'/>
  <pieceOfFurniture level='level0' catalogId='eTeks#toiletUnit' name='Toilette' creator='eTeks' model='27/model.obj' x='373.78525' y='50.0' width='40.0' depth='80.0' height='62.0' movable='false'/>
  <pieceOfFurniture level='level0' catalogId='eTeks#texturableCylinder' name='Zylinder' creator='eTeks' model='29/texturableCylinder.obj' x='604.9933' y='264.3119' width='160.0' depth='260.0' height='0.7' color='FF315700' shininess='0.0'/>
  <pieceOfFurniture level='level0' catalogId='eTeks#bedsideTable' name='Nachttisch' creator='eTeks' model='31/model.obj' x='608.4547' y='274.41635' elevation='0.2' width='45.0' depth='85.0' height='30.0'/>
  <pieceOfFurniture level='level1' catalogId='eTeks#washbasinWithCabinet' name='Waschbecken mit Unterschrank' creator='eTeks' model='33/model.obj' x='37.000008' y='46.156513' angle='4.712389' width='71.0' depth='54.0' height='97.0' movable='false'/>
  <pieceOfFurniture level='level1' catalogId='eTeks#toiletUnit' name='Toilette' creator='eTeks' model='27/model.obj' x='158.79796' y='294.88266' angle='4.712389' width='40.0' depth='80.0' height='62.0' movable='false'/>
  <doorOrWindow level='level1' catalogId='eTeks#doubleWindow126x123' name='Kleines Doppelfenster' creator='eTeks' model='1/model.obj' x='206.6' y='593.82' elevation='87.0' angle='3.1415927' width='132.0' depth='35.360752' height='134.0' color='FF87D6DF' movable='false'/>
  <pieceOfFurniture level='level1' catalogId='eTeks#wardrobe' name='Kleiderschrank' creator='eTeks' model='21/model.obj' x='384.0' y='423.4854' angle='1.5707964' width='137.0' depth='58.0' height='165.0' color='FF171717'/>
  <pieceOfFurniture level='level1' catalogId='eTeks#bedsideTable' name='Nachttisch' creator='eTeks' model='31/model.obj' x='29.000004' y='472.97583' angle='4.712389' width='38.0' depth='38.0' height='50.0' color='FF171717'/>
  <pieceOfFurniture level='level1' catalogId='eTeks#chair' name='Stuhl' creator='eTeks' model='35/model.obj' x='100.53555' y='535.3306' width='40.0' depth='42.0' height='90.0' color='FF171717'/>
  <pieceOfFurniture level='level1' catalogId='eTeks#bookcase' name='Bücherregal' creator='eTeks' model='37/model.obj' x='331.0565' y='571.90436' angle='3.1415927' width='99.0' depth='27.0' height='211.0'/>
  <doorOrWindow level='level1' catalogId='eTeks#window85x123' name='Kleines Fenster' creator='eTeks' model='39/model.obj' x='374.2762' y='0.6800011' elevation='87.0' width='56.0' depth='35.360752' height='134.0' modelMirrored='true' color='FF87D6DF' movable='false'/>
  <pieceOfFurniture level='level1' catalogId='eTeks#cornerBunkBed90x190' name='Eck-Etagenbett' creator='eTeks' model='41/model.obj' x='725.0' y='114.00001' angle='1.5707964' width='208.0' depth='208.0' height='155.0'/>
  <pieceOfFurniture level='level1' catalogId='eTeks#wardrobe' name='Kleiderschrank' creator='eTeks' model='21/model.obj' x='763.7374' y='334.74734' angle='3.1415927' width='130.0' depth='46.0' height='165.0'>
    <material name='white' color='FFFAAC00' shininess='0.0'/>
  </pieceOfFurniture>
  <pieceOfFurniture level='level1' catalogId='eTeks#chest' name='Kommode' creator='eTeks' model='43/model.obj' x='443.75' y='514.93726' angle='4.712389' width='112.0' depth='47.0' height='80.0' color='FF494F83'/>
  <doorOrWindow level='level1' catalogId='eTeks#doubleWindow126x123' name='Kleines Doppelfenster' creator='eTeks' model='1/model.obj' x='632.4' y='593.82' elevation='87.0' angle='3.1415927' width='132.0' depth='35.360752' height='134.0' color='FF87D6DF' movable='false'/>
  <pieceOfFurniture level='level1' catalogId='eTeks#chair' name='Stuhl' creator='eTeks' model='35/model.obj' x='538.3253' y='563.5' angle='3.1415927' width='40.0' depth='42.0' height='90.0' color='FF494F83'/>
  <pieceOfFurniture level='level1' catalogId='eTeks#chair' name='Stuhl' creator='eTeks' model='35/model.obj' x='444.07104' y='430.17072' angle='4.808427' width='40.0' depth='42.0' height='90.0' color='FF494F83'/>
  <doorOrWindow level='level2' catalogId='eTeks#doubleWindow126x123' name='Kleines Doppelfenster' creator='eTeks' model='1/model.obj' x='419.25858' y='593.82' elevation='36.0' angle='3.1415927' width='120.0' depth='35.360752' height='120.0' color='FF87D6DF' movable='false'/>
  <pieceOfFurniture level='level0' catalogId='eTeks#kitchenCabinet' name='Küchenschrank' creator='eTeks' model='19/model.obj' x='41.000004' y='372.52646' angle='4.712389' width='60.0' depth='64.0' height='85.0' color='FFA20600' movable='false'/>
  <pieceOfFurniture level='level0' catalogId='eTeks#fridgeFreezer' name='Gefrierkombination' creator='eTeks' model='45/model.obj' x='43.000008' y='310.92645' angle='4.712389' width='60.0' depth='66.0' height='185.0'>
    <material name='white' color='FF85CFD7'/>
  </pieceOfFurniture>
  <pieceOfFurniture level='level0' catalogId='eTeks#clothesWasher' name='Waschmaschine' creator='eTeks' model='47/model.obj' x='381.01627' y='229.86894' angle='1.5707964' width='60.0' depth='63.0' height='85.0'/>
  <pieceOfFurniture level='level0' catalogId='eTeks#kitchenCabinet' name='Küchenschrank' creator='eTeks' model='19/model.obj' x='103.835205' y='553.21326' angle='3.1415927' width='60.0' depth='63.9' height='85.0' modelMirrored='true' color='FF113E6D' movable='false'/>
  <doorOrWindow level='level0' catalogId='eTeks#roundedDoor' name='Abgerundete Tür' creator='eTeks' model='25/model.obj' x='366.5623' y='125.54683' width='91.5' depth='14.500751' height='208.5' modelMirrored='true' movable='false'/>
  <pieceOfFurniture level='level0' catalogId='eTeks#bookcase' name='Bücherregal' creator='eTeks' model='37/model.obj' x='487.01627' y='28.149998' width='115.0' depth='37.0' height='211.0'/>
  <pieceOfFurniture level='level0' catalogId='eTeks#plant' name='Dekoration' creator='eTeks' model='23/model.obj' x='796.80945' y='513.6003' angle='3.1348813' width='63.0' depth='57.0' height='129.0'>
    <material name='amber' color='FF003565'/>
  </pieceOfFurniture>
  <pieceOfFurniture level='level0' catalogId='eTeks#plant' name='Dekoration' creator='eTeks' model='23/model.obj' x='741.42285' y='561.0715' angle='3.1348813' width='45.0' depth='40.5' height='68.0'>
    <material name='amber' color='FF003565'/>
  </pieceOfFurniture>
  <pieceOfFurniture level='level0' catalogId='eTeks#plant' name='Dekoration' creator='eTeks' model='23/model.obj' x='706.12445' y='563.48126' angle='2.0943952' width='46.0' depth='40.5' height='53.0'>
    <material name='amber' color='FFFF7607'/>
  </pieceOfFurniture>
  <pieceOfFurniture level='level0' catalogId='eTeks#plant' name='Dekoration' creator='eTeks' model='23/model.obj' x='567.81177' y='554.6241' angle='2.0943952' width='46.5' depth='39.0' height='53.0'>
    <material name='amber' color='FFFF7607'/>
  </pieceOfFurniture>
  <pieceOfFurniture level='level0' catalogId='eTeks#plant' name='Dekoration' creator='eTeks' model='23/model.obj' x='521.63556' y='559.4734' angle='3.1415014' width='45.0' depth='41.5' height='68.0'>
    <material name='amber' color='FF003565'/>
  </pieceOfFurniture>
  <pieceOfFurniture level='level0' catalogId='eTeks#plant' name='Dekoration' creator='eTeks' model='23/model.obj' x='546.08813' y='572.2918' angle='2.6179938' width='43.0' depth='38.5' height='77.0'>
    <material name='amber' color='FF9E0400'/>
  </pieceOfFurniture>
  <pieceOfFurniture level='level0' catalogId='eTeks#plant' name='Dekoration' creator='eTeks' model='23/model.obj' x='692.2485' y='537.07367' angle='3.1348813' width='63.0' depth='57.0' height='129.0'>
    <material name='amber' color='FF003565'/>
  </pieceOfFurniture>
  <doorOrWindow level='level0' catalogId='eTeks#window85x123' name='Kleines Fenster' creator='eTeks' model='39/model.obj' x='374.3' y='0.6800011' elevation='90.0' width='56.0' depth='35.360752' height='134.0' modelMirrored='true' color='FF87D6DF' movable='false'/>
  <doorOrWindow level='level2' catalogId='eTeks#fixedWindow85x123' name='Fenster (nicht zu öffnen)' creator='eTeks' model='49/model.obj' x='418.8667' y='-4.0' elevation='61.0' width='150.0' depth='26.00075' height='60.0' color='FF87D6DF' movable='false'/>
  <doorOrWindow level='level0' catalogId='eTeks#fixedWindow85x123' name='Fenster (nicht zu öffnen)' creator='eTeks' model='49/model.obj' x='1002.4552' y='37.234344' elevation='87.0' angle='6.2831607' width='91.0' depth='16.00075' height='35.0' color='FF87D6DF' movable='false'/>
  <doorOrWindow level='level0' catalogId='eTeks#doubleWindow126x123' name='Kleines Doppelfenster' creator='eTeks' model='1/model.obj' x='632.4' y='593.82916' elevation='90.0' angle='3.1415927' width='132.0' depth='35.360752' height='134.0' color='FF87D6DF' movable='false'/>
  <doorOrWindow level='level1' catalogId='eTeks#roundedDoor' name='Abgerundete Tür' creator='eTeks' model='25/model.obj' x='282.0303' y='343.88742' width='91.5' depth='14.500751' height='208.5' modelMirrored='true' movable='false'>
    <material name='yellowbrt' color='FF171717'/>
  </doorOrWindow>
  <pieceOfFurniture level='level1' catalogId='eTeks#washbasinWithCabinet' name='Waschbecken mit Unterschrank' creator='eTeks' model='33/model.obj' x='37.000008' y='117.15651' angle='4.712389' width='71.0' depth='54.0' height='97.0' movable='false'/>
  <pieceOfFurniture level='level1' catalogId='eTeks#shower' name='Dusche' creator='eTeks' model='51/model.obj' x='187.51317' y='198.03766' angle='3.1415927' width='79.0' depth='79.0' height='211.0' movable='false'/>
  <pieceOfFurniture level='level1' catalogId='eTeks#bath' name='Badewanne' creator='eTeks' model='53/model.obj' x='47.240288' y='254.97583' angle='1.5707964' width='163.0' depth='73.0' height='57.0' movable='false'/>
  <pieceOfFurniture level='level0' catalogId='eTeks#flowers' name='Blumen' creator='eTeks' model='55/model.obj' x='810.6354' y='106.09636' elevation='82.0' angle='1.5715513' width='24.2' depth='22.1' height='49.3'/>
  <pieceOfFurniture level='level0' catalogId='eTeks#flatTV' name='Flachbildfernseher' creator='eTeks' model='57/model.obj' x='458.2649' y='384.0963' elevation='50.0' angle='4.4505897' width='70.0' depth='17.355371' height='45.876038'/>
  <pieceOfFurniture level='level0' catalogId='eTeks#electricRadiator' name='Elektroheizkörper' creator='eTeks' model='59/model.obj' x='408.01627' y='377.42566' elevation='20.0' angle='1.5707964' width='37.0' depth='10.0' height='45.0' movable='false'/>
  <pieceOfFurniture level='level0' catalogId='eTeks#kitchenUpperCabinet' name='Oberschrank' creator='eTeks' model='61/model.obj' x='36.000004' y='432.3597' elevation='145.0' angle='4.712389' width='60.0' depth='54.0' height='86.200005'>
    <material name='white' color='FF3A6100'/>
  </pieceOfFurniture>
  <pieceOfFurniture level='level0' catalogId='eTeks#plant' name='Dekoration' creator='eTeks' model='23/model.obj' x='25.158112' y='572.9429' elevation='85.0' angle='5.7595863' width='15.0' depth='12.931034' height='21.206896'/>
  <pieceOfFurniture level='level0' catalogId='eTeks#plant' name='Dekoration' creator='eTeks' model='23/model.obj' x='24.052383' y='559.2023' elevation='85.0' angle='3.926991' width='15.0' depth='12.900001' height='23.0'/>
  <pieceOfFurniture level='level0' catalogId='eTeks#plant' name='Dekoration' creator='eTeks' model='23/model.obj' x='35.37596' y='566.4758' elevation='84.0' angle='4.712389' width='15.0' depth='12.900001' height='21.2'/>
  <pieceOfFurniture level='level1' catalogId='eTeks#electricRadiator' name='Elektroheizkörper' creator='eTeks' model='59/model.obj' x='631.16614' y='580.5' elevation='20.0' angle='3.1415927' width='37.0' depth='10.0' height='45.0' movable='false'/>
  <pieceOfFurniture level='level1' catalogId='eTeks#flowers' name='Blumen' creator='eTeks' model='55/model.obj' x='440.51062' y='513.86145' elevation='80.0' angle='4.712389' width='24.2' depth='22.1' height='49.3'/>
  <pieceOfFurniture level='level1' catalogId='eTeks#electricRadiator' name='Elektroheizkörper' creator='eTeks' model='59/model.obj' x='595.4971' y='14.0' elevation='20.0' width='37.0' depth='10.0' height='45.0' movable='false'/>
  <pieceOfFurniture level='level1' catalogId='eTeks#chair' name='Stuhl' creator='eTeks' model='35/model.obj' x='563.7217' y='197.07692' angle='4.6109934' width='24.0' depth='25.2' height='54.0' color='FF710707'/>
  <pieceOfFurniture level='level1' catalogId='eTeks#chair' name='Stuhl' creator='eTeks' model='35/model.obj' x='604.91296' y='247.89542' width='24.0' depth='25.2' height='54.0' color='FF710707'/>
  <pieceOfFurniture level='level1' catalogId='eTeks#electricRadiator' name='Elektroheizkörper' creator='eTeks' model='59/model.obj' x='135.37753' y='14.000014' elevation='20.0' angle='6.283185' width='37.0' depth='10.0' height='45.0' movable='false'/>
  <pieceOfFurniture level='level1' catalogId='eTeks#electricRadiator' name='Elektroheizkörper' creator='eTeks' model='59/model.obj' x='373.75537' y='14.0' elevation='20.0' width='37.0' depth='10.0' height='45.0' movable='false'/>
  <pieceOfFurniture level='level0' catalogId='eTeks#bookcase' name='Bücherregal' creator='eTeks' model='37/model.obj' x='448.51627' y='104.149994' angle='4.712389' width='115.0' depth='37.0' height='211.0'/>
  <furnitureGroup level='level0' name='Gruppe' x='452.61627' y='288.3' width='47.00003' depth='112.0' height='94.37143'>
    <pieceOfFurniture level='level0' catalogId='eTeks#texturableBox' name='Kiste' creator='eTeks' model='63/texturableBox.obj' x='463.81778' y='288.3' elevation='12.0' angle='4.712389' width='70.0' depth='5.882873' height='56.0' color='FF0A0A0A'/>
    <pieceOfFurniture level='level0' catalogId='eTeks#texturableBox' name='Kiste' creator='eTeks' model='63/texturableBox.obj' x='452.61624' y='288.3' elevation='77.0' angle='4.712389' width='112.0' depth='47.000023' height='17.371428' color='FF29A3B0'/>
    <pieceOfFurniture level='level0' catalogId='eTeks#texturableBox' name='Kiste' creator='eTeks' model='63/texturableBox.obj' x='447.11624' y='288.05' angle='4.712389' width='92.5' depth='36.0' height='77.0' color='FF29A3B0'/>
  </furnitureGroup>
  <pieceOfFurniture level='level0' catalogId='eTeks#flowers' name='Blumen' creator='eTeks' model='55/model.obj' x='467.1623' y='241.38928' elevation='95.5' angle='4.2098637' width='14.0' depth='12.785124' height='28.52066'/>
  <pieceOfFurniture level='level0' catalogId='eTeks#electricRadiator' name='Elektroheizkörper' creator='eTeks' model='59/model.obj' x='631.9508' y='14.0' elevation='20.0' width='55.0' depth='10.0' height='45.0' movable='false'/>
  <light level='level0' catalogId='eTeks#pendantLamp' name='Hängeleuchte' creator='eTeks' model='65/model.obj' x='210.70941' y='272.3958' elevation='190.0' width='100.0' depth='100.0' height='60.0'>
    <material name='white' color='FF2F9B14' shininess='0.0'/>
  </light>
  <pieceOfFurniture level='level0' catalogId='eTeks#electricRadiator' name='Elektroheizkörper' creator='eTeks' model='59/model.obj' x='169.98749' y='14.0' elevation='20.0' width='55.0' depth='10.0' height='45.0' movable='false'/>
  <pieceOfFurniture level='level0' catalogId='eTeks#electricRadiator' name='Elektroheizkörper' creator='eTeks' model='59/model.obj' x='631.90955' y='580.50916' elevation='20.0' angle='3.1415927' width='55.0' depth='10.0' height='45.0' movable='false'/>
  <light level='level0' catalogId='eTeks#pendantLamp' name='Hängeleuchte' creator='eTeks' model='65/model.obj' x='647.8594' y='272.3958' elevation='190.0' width='100.0' depth='100.0' height='60.0'>
    <material name='white' color='FF2F9B14' shininess='0.0'/>
  </light>
  <pieceOfFurniture level='level1' catalogId='eTeks#curveStaircase' name='Ecktreppe 90°' creator='eTeks' model='67/model.obj' x='372.12585' y='219.2558' width='82.0' depth='237.0' height='362.0' modelMirrored='true' color='FF1B1E3B' movable='false'/>
  <pieceOfFurniture level='level1' catalogId='eTeks#bed90x190' name='Bett 90x190' creator='eTeks' model='69/model.obj' x='114.0' y='399.97583' angle='4.712389' width='108.0' depth='208.0' height='70.0'>
    <material name='bone2' color='FFFFD0C1'/>
    <material name='flyellow' color='FF171717'/>
  </pieceOfFurniture>
  <pieceOfFurniture level='level1' catalogId='eTeks#electricRadiator' name='Elektroheizkörper' creator='eTeks' model='59/model.obj' x='206.98447' y='580.5' elevation='20.0' angle='3.1415927' width='37.0' depth='10.0' height='45.0' movable='false'/>
  <doorOrWindow level='level0' catalogId='eTeks#frontDoor' name='Vordertür' creator='eTeks' model='71/model.obj' x='419.13278' y='594.8981' angle='3.1415927' width='101.5' depth='33.222973' height='208.5'>
    <material name='white' color='FF29A3B0'/>
    <material name='yellowbrt' color='FF29A3B0'/>
  </doorOrWindow>
  <pieceOfFurniture level='level0' catalogId='eTeks#texturableBox' name='Kiste' creator='eTeks' model='63/texturableBox.obj' x='41.827778' y='554.5132' angle='4.712389' width='61.3' depth='65.4' height='85.0' color='FF113E6D'/>
  <pieceOfFurniture level='level0' catalogId='eTeks#armchair' name='Lehnsessel' creator='eTeks' model='7/model.obj' x='529.3092' y='159.46486' angle='5.649416' width='87.0' depth='92.0' height='87.0'>
    <material name='iris' color='FF9E0400' shininess='0.0'/>
  </pieceOfFurniture>
  <pieceOfFurniture level='level0' catalogId='eTeks#piano' name='Klavier' creator='eTeks' model='73/model.obj' x='807.0' y='81.0' angle='1.5707964' width='140.0' depth='43.0' height='82.0'/>
  <pieceOfFurniture level='level0' catalogId='eTeks#kitchenUpperCabinet' name='Oberschrank' creator='eTeks' model='61/model.obj' x='36.000004' y='372.35968' elevation='145.0' angle='4.712389' width='60.0' depth='54.0' height='86.200005' modelMirrored='true' color='FF113E6D'/>
  <doorOrWindow level='level1' catalogId='eTeks#window85x123' name='Kleines Fenster' creator='eTeks' model='39/model.obj' x='133.30194' y='0.68000877' elevation='87.0' angle='6.283185' width='56.0' depth='35.360752' height='134.0' color='FF87D6DF' movable='false'/>
  <pieceOfFurniture level='level0' catalogId='eTeks#kitchenUpperCabinet' name='Oberschrank' creator='eTeks' model='61/model.obj' x='36.000004' y='552.3597' elevation='145.0' angle='4.712389' width='60.0' depth='54.0' height='86.200005'>
    <material name='white' color='FF3A6100'/>
  </pieceOfFurniture>
  <pieceOfFurniture level='level0' catalogId='eTeks#kitchenUpperCabinet' name='Oberschrank' creator='eTeks' model='61/model.obj' x='36.000004' y='492.3597' elevation='162.0' angle='4.712389' width='60.0' depth='54.0' height='69.0' modelMirrored='true' color='FF113E6D'/>
  <pieceOfFurniture level='level0' catalogId='eTeks#texturableBox' name='Kiste' creator='eTeks' model='63/texturableBox.obj' x='38.000004' y='492.35968' elevation='145.0' angle='4.712389' width='60.0' depth='58.0' height='16.5'/>
  <pieceOfFurniture level='level1' catalogId='eTeks#slidingDoors' name='Schiebetür' creator='eTeks' model='75/model.obj' x='619.63745' y='362.11588' width='141.0' depth='8.0' height='250.0' movable='false'/>
  <pieceOfFurniture level='level1' catalogId='eTeks#squareTable' name='Tisch' creator='eTeks' model='15/model.obj' x='101.49716' y='560.0' angle='3.1415927' width='137.0' depth='51.0' height='74.0' color='FF171717'/>
  <pieceOfFurniture level='level1' catalogId='eTeks#squareTable' name='Tisch' creator='eTeks' model='15/model.obj' x='607.47174' y='274.84024' angle='3.1415927' width='115.0' depth='50.0' height='37.0'>
    <material name='flblonde' color='FF710707'/>
  </pieceOfFurniture>
  <pieceOfFurniture level='level1' catalogId='eTeks#bed' name='Bett' creator='eTeks' model='77/model.obj' x='732.45' y='473.73694' angle='1.5707964' width='144.6' depth='193.1' height='52.8'>
    <material name='flgrey' color='FF676B8E'/>
    <material name='ltgrey' color='FF676B8E' shininess='0.0'/>
    <material name='sand_stone' color='FF494F83' shininess='0.0'/>
  </pieceOfFurniture>
  <pieceOfFurniture level='level1' catalogId='eTeks#bedsideTable' name='Nachttisch' creator='eTeks' model='31/model.obj' x='814.0' y='566.0108' angle='1.5707964' width='30.0' depth='30.0' height='50.0' color='FF494F83'/>
  <pieceOfFurniture level='level1' catalogId='eTeks#bedsideTable' name='Nachttisch' creator='eTeks' model='31/model.obj' x='814.0' y='383.0108' angle='1.5707964' width='30.0' depth='30.0' height='50.0' color='FF494F83'/>
  <light level='level1' catalogId='eTeks#workLamp' name='Schreibtischlampe' creator='eTeks' model='79/model.obj' x='808.3916' y='386.76447' elevation='50.0' angle='0.7853982' width='12.0' depth='29.5' height='49.3'/>
  <light level='level1' catalogId='eTeks#workLamp' name='Schreibtischlampe' creator='eTeks' model='79/model.obj' x='809.2825' y='562.8104' elevation='50.0' angle='2.0943952' width='12.0' depth='29.5' height='49.3'/>
  <light level='level1' catalogId='eTeks#workLamp' name='Schreibtischlampe' creator='eTeks' model='79/model.obj' x='568.7704' y='276.86835' elevation='50.0' angle='3.6651917' width='12.0' depth='29.5' height='49.3'/>
  <light level='level1' catalogId='eTeks#workLamp' name='Schreibtischlampe' creator='eTeks' model='79/model.obj' x='59.24124' y='563.7012' elevation='50.0' angle='3.926991' width='12.0' depth='29.5' height='49.3'/>
  <pieceOfFurniture level='level0' catalogId='eTeks#texturableCylinder' name='Zylinder' creator='eTeks' model='29/texturableCylinder.obj' x='12.0' y='231.8075' angle='4.712389' width='4.0' depth='4.0' height='250.0' color='FF007983'/>
  <pieceOfFurniture level='level0' catalogId='eTeks#texturableCylinder' name='Zylinder' creator='eTeks' model='29/texturableCylinder.obj' x='12.0' y='238.10104' angle='4.712389' width='4.0' depth='4.0' height='250.0' color='FF007983'/>
  <pieceOfFurniture level='level1' catalogId='eTeks#texturableBox' name='Kiste' creator='eTeks' model='63/texturableBox.obj' x='9.5' y='81.417145' elevation='102.5' angle='4.712389' width='140.0' depth='1.0' height='80.0'/>
  <pieceOfFurniture level='level0' catalogId='eTeks#squareTable' name='Tisch' creator='eTeks' model='15/model.obj' x='105.0' y='123.312' angle='3.1415927' width='190.0' depth='90.0' height='74.0'>
    <material name='flblonde' color='FFFF7607'/>
  </pieceOfFurniture>
  <pieceOfFurniture level='level0' catalogId='eTeks#chair' name='Stuhl' creator='eTeks' model='35/model.obj' x='644.1926' y='148.25012' elevation='0.5' angle='0.7148545' width='20.0' depth='21.0' height='45.0' color='FF299000'/>
  <pieceOfFurniture level='level0' catalogId='eTeks#chair' name='Stuhl' creator='eTeks' model='35/model.obj' x='723.49347' y='335.84476' elevation='0.5' angle='1.8325958' width='20.0' depth='21.0' height='45.0' color='FF9E0400'/>
  <pieceOfFurniture level='level0' catalogId='eTeks#texturableBox' name='Kiste' creator='eTeks' model='63/texturableBox.obj' x='1014.6' y='295.6468' elevation='198.3' angle='4.712389' width='547.0' depth='320.0' height='3.0'>
    <material name='back' color='FF65201B'/>
    <material name='front' color='FF65201B'/>
    <material name='left' color='FF65201B'/>
    <material name='right' color='FF65201B'/>
    <material name='top' color='FF65201B'/>
  </pieceOfFurniture>
  <pieceOfFurniture level='level0' catalogId='eTeks#texturableBox' name='Kiste' creator='eTeks' model='63/texturableBox.obj' x='1001.99585' y='549.46967' elevation='1.0' angle='3.1415927' width='282.0' depth='8.0' height='194.5' color='FF616161'/>
  <furnitureGroup level='level3' name='Gruppe' x='422.0313' y='296.59595' width='967.8012' depth='659.00006' height='268.91922'>
    <pieceOfFurniture level='level3' catalogId='eTeks#texturableBox' name='Kiste' creator='eTeks' model='63/texturableBox.obj' x='646.9' y='604.3' width='525.0' depth='40.0' height='22.0' color='FF29A3B0'/>
    <pieceOfFurniture level='level3' catalogId='eTeks#texturableBox' name='Kiste' creator='eTeks' model='63/texturableBox.obj' x='193.88268' y='604.3' angle='3.1415927' width='525.0' depth='40.0' height='22.0' color='FF29A3B0'/>
    <pieceOfFurniture level='level3' catalogId='eTeks#texturableBox' name='Kiste' creator='eTeks' model='63/texturableBox.obj' x='646.9' y='-10.894165' width='525.0' depth='40.0' height='22.0' color='FF29A3B0'/>
    <pieceOfFurniture level='level3' catalogId='eTeks#texturableBox' name='Kiste' creator='eTeks' model='63/texturableBox.obj' x='193.88268' y='-10.894165' angle='3.1415927' width='525.0' depth='40.0' height='22.0' color='FF29A3B0'/>
    <pieceOfFurniture level='level3' catalogId='eTeks#texturableBox' name='Kiste' creator='eTeks' model='63/texturableBox.obj' x='663.3' y='296.59592' elevation='9.0' angle='4.712389' width='659.0' depth='548.0' height='3.0'>
      <material name='back' color='FF65201B'/>
      <material name='bottom' color='FF327375' shininess='0.046875'/>
      <material name='front' color='FF65201B'/>
      <material name='left' color='FF65201B'/>
      <material name='right' color='FF65201B'/>
      <material name='top' color='FF65201B' shininess='0.0703125'/>
    </pieceOfFurniture>
    <pieceOfFurniture level='level3' catalogId='eTeks#texturableBox' name='Kiste' creator='eTeks' model='63/texturableBox.obj' x='180.7626' y='296.59592' elevation='9.0' angle='1.5707964' width='659.0' depth='548.0' height='3.0'>
      <material name='back' color='FF65201B'/>
      <material name='bottom' color='FF327375' shininess='0.046875'/>
      <material name='front' color='FF65201B'/>
      <material name='left' color='FF65201B'/>
      <material name='right' color='FF65201B'/>
      <material name='top' color='FF65201B' shininess='0.0703125'/>
    </pieceOfFurniture>
  </furnitureGroup>
</home>